use training;

INSERT INTO mst_user ( user_id, user_password, user_name, is_delete, created_at, created_by, modify_at, modify_by ) VALUES
 ('admin','$2a$10$QasRKDTo31r2WwvQIqD.jeQ9qTiy8BjKmur0rIwXTF61TzIyApjbS','管理者',false,'2021-05-01 00:00:00','default',null,null);


INSERT INTO mst_generic_code ( generic_code_type_id, generic_code_type_name, is_delete, created_at, created_by, modify_at, modify_by )  VALUES
 ('001','カテゴリ',false,'2021-05-01 00:00:00','default',null,null),
 ('002','分類',false,'2021-05-01 00:00:00','default',null,null),
 ('003','シーズン',false,'2021-05-01 00:00:00','default',null,null);
 
INSERT INTO mst_generic_code_detail ( generic_code_type_id, generic_code, generic_code_name, is_delete, created_at, created_by, modify_at, modify_by ) VALUES
 ('001','0001','アパレル',false,'2021-05-01 00:00:00','default',null,null),
 ('001','0002','家具',false,'2021-05-01 00:00:00','default',null,null),
 ('001','0003','雑貨',false,'2021-05-01 00:00:00','default',null,null),
 ('002','01','T-Shirts',false,'2021-05-01 00:00:00','default',null,null),
 ('002','02','Jeans',false,'2021-05-01 00:00:00','default',null,null),
 ('002','03','Jacket',false,'2021-05-01 00:00:00','default',null,null),
 ('003','201','20 SS',false,'2021-05-01 00:00:00','default',null,null),
 ('003','202','20 AW',false,'2021-05-01 00:00:00','default',null,null),
 ('003','211','21 SS',false,'2021-05-01 00:00:00','default',null,null),
 ('003','212','21 AW',false,'2021-05-01 00:00:00','default',null,null),
 ('003','221','22 SS',false,'2021-05-01 00:00:00','default',null,null),
 ('003','222','22 AW',false,'2021-05-01 00:00:00','default',null,null);
 
 
INSERT INTO mst_color ( color_code, color_name, is_delete, created_at, created_by, modify_at, modify_by ) VALUES
 ('00','colorless',false,'2021-05-01 00:00:00','default',null,null),
 ('01','black',false,'2021-05-01 00:00:00','default',null,null),
 ('02','gray',false,'2021-05-01 00:00:00','default',null,null),
 ('03','white',false,'2021-05-01 00:00:00','default',null,null),
 ('04','red',false,'2021-05-01 00:00:00','default',null,null),
 ('05','orange',false,'2021-05-01 00:00:00','default',null,null),
 ('06','purple',false,'2021-05-01 00:00:00','default',null,null),
 ('07','pink',false,'2021-05-01 00:00:00','default',null,null),
 ('08','green',false,'2021-05-01 00:00:00','default',null,null),
 ('09','lime',false,'2021-05-01 00:00:00','default',null,null),
 ('10','olive',false,'2021-05-01 00:00:00','default',null,null),
 ('11','yellow',false,'2021-05-01 00:00:00','default',null,null),
 ('12','navy',false,'2021-05-01 00:00:00','default',null,null),
 ('13','blue',false,'2021-05-01 00:00:00','default',null,null),
 ('14','aqua',false,'2021-05-01 00:00:00','default',null,null);

 
INSERT INTO mst_size ( size_code, size_name, is_delete, created_at, created_by, modify_at, modify_by ) VALUES
 ('00','XS',false,'2021-05-01 00:00:00','default',null,null),
 ('01','S',false,'2021-05-01 00:00:00','default',null,null),
 ('02','M',false,'2021-05-01 00:00:00','default',null,null),
 ('03','L',false,'2021-05-01 00:00:00','default',null,null),
 ('04','XL',false,'2021-05-01 00:00:00','default',null,null),
 ('05','FREE',false,'2021-05-01 00:00:00','default',null,null),
 ('10','21cm',false,'2021-05-01 00:00:00','default',null,null),
 ('11','22cm',false,'2021-05-01 00:00:00','default',null,null),
 ('12','23cm',false,'2021-05-01 00:00:00','default',null,null),
 ('13','24cm',false,'2021-05-01 00:00:00','default',null,null),
 ('14','25cm',false,'2021-05-01 00:00:00','default',null,null),
 ('15','26cm',false,'2021-05-01 00:00:00','default',null,null),
 ('16','27cm',false,'2021-05-01 00:00:00','default',null,null),
 ('17','28cm',false,'2021-05-01 00:00:00','default',null,null),
 ('18','29cm',false,'2021-05-01 00:00:00','default',null,null),
 ('19','30cm',false,'2021-05-01 00:00:00','default',null,null),
 ('99','None',false,'2021-05-01 00:00:00','default',null,null);

INSERT INTO mst_partner ( partner_id, partner_name, partner_type, zip, address, tel_no, fax_no, responsible_party, mail_address, is_delete, created_at, created_by, modify_at, modify_by ) VALUES
 ('00001','アシスト株式会社',0,'1030027','東京都中央区日本橋2-15-3 ヒューリック　江戸橋ビル3階','0362803022','0362803023','森本　太郎','morimoto@asist-corp.sample.jp',false,'2021-05-01 00:00:00','default',null,null),
 ('00002','ライズ有限会社',0,'2208691','神奈川県横浜市西区みなとみらい3-6-3','0454160402','0454160403','鎌田　花子','kamata@rise-cons.sample.jp',false,'2021-05-01 00:00:00','default',null,null),
 ('00003','アドバンス株式会社',0,'1060041','東京都港区麻布台2-4-5　 メソニック39MTビル','0344053504','0344053505','大友　一郎','otomo@advance.sample.jp',false,'2021-05-01 00:00:00','default',null,null),
 ('00004','トラストフロンティア株式会社',0,'1076090','東京都港区赤坂1-12-32　アーク森ビル 17階','0366853041','0366853042','安村　次郎','yasumura@trasttrast.sample.jp',false,'2021-05-01 00:00:00','default',null,null),
 ('00005','アクティブアクト株式会社',0,'1076240','東京都港区赤坂9-7-1　ミッドタウン・タワー40階','0342216998','0342216999','今福　太一','imafuku@acrive-act.sample.jp',false,'2021-05-01 00:00:00','default',null,null),
 ('00006','株式会社アルファアーク',0,'1410021','東京都品川区上大崎3-1-1　目黒セントラルスクエア14階','05037887663','05037887664','渡辺　文子','watanabe@alfa-arc.sample.jp',false,'2021-05-01 00:00:00','default',null,null),
 ('00007','サンテックウィング株式会社',0,'5300016','大阪府大阪市北区中崎1-2-23','05037752648','05037752649','小林　一平','kobayashi@suntech.sample.jp',false,'2021-05-01 00:00:00','default',null,null),
 ('00008','クローバーワン株式会社',0,'1000004','東京都千代田区大手町1丁目6番1号大手町ビル','0330112242','0330112243','久野　綾子','kuno@clover-one.co.sample.jp',false,'2021-05-01 00:00:00','default',null,null),
 ('00009','ヨシダ太陽株式会社',0,'1057303','東京都港区東新橋1-9-1　東京汐留ビルディング','0330222232','0330222233','岸　和平','kishi@yoshida-sunrise.sample.jp',false,'2021-05-01 00:00:00','default',null,null),
 ('00010','株式会社三和ひまわり',0,'1050011','東京都港区芝公園3-6-23　光輪会館 3F','0330752028','0330752029','衣川　三郎','ikawa@sanwa-himawari.sample.jp',false,'2021-05-01 00:00:00','default',null,null),
 ('00011','株式会社ジャック･オブ･オール･トレーズ',0,'1050014','東京都港区芝2丁目3-12　芝アビタシオン7F','0330752284','0330752285','阪上　仁','sakagmi@joat.sample.jp',false,'2021-05-01 00:00:00','default',null,null),
 ('00012','オスクレン株式会社',0,'1080075','東京都港区港南2-16-2','0330801112','0330801113','遠藤　ジョージ','endo@oscren.sample.jp',false,'2021-05-01 00:00:00','default',null,null);


INSERT INTO mst_item ( item_code, item_name, category_code, classification_code, season_code, partner_id, purchase_price, purchase_price_intax, selling_price, selling_price_intax, is_delete, created_at, created_by, modify_at, modify_by ) VALUES
 ('01001211','Status Anxiety　T-shirt','0001','01','211','00004',6800,7480,9700,10670,false,'2021-05-01 00:00:00','default',null,null),
 ('01002211','SOL SANA　T-shirt','0001','01','211','00004',8700,9570,12500,13750,false,'2021-05-01 00:00:00','default',null,null),
 ('01003211','I LOVE BILLY　T-shirt','0001','01','211','00004',7900,8690,12300,13530,false,'2021-05-01 00:00:00','default',null,null),
 ('01004211','FIRST BASE　T-shirt','0001','01','211','00004',9800,10780,14000,15400,false,'2021-05-01 00:00:00','default',null,null),
 ('02011211','somedays lovin Jeans','0001','02','211','00011',32000,35200,45700,50270,false,'2021-05-01 00:00:00','default',null,null),
 ('02012211','Mista Jeans','0001','02','211','00011',18000,19800,25800,28380,false,'2021-05-01 00:00:00','default',null,null),
 ('02013211','BITCHING AND JUNKFOOD Jeans','0001','02','211','00011',21000,23100,30000,33000,false,'2021-05-01 00:00:00','default',null,null),
 ('03021211','Mollini Jacket','0001','03','211','00012',54000,59400,77200,84920,false,'2021-05-01 00:00:00','default',null,null),
 ('03022211','CHIARA FERRAGNI Jacket','0001','03','211','00012',38000,41800,54300,59730,false,'2021-05-01 00:00:00','default',null,null),
 ('03023211','TALLOW Jacket','0001','03','211','00012',19800,21780,28300,31130,false,'2021-05-01 00:00:00','default',null,null);
 

INSERT INTO mst_product ( product_code, item_code, color_code, size_code, purchase_price, purchase_price_intax, selling_price, selling_price_intax, is_delete, created_at, created_by, modify_at, modify_by ) VALUES
 ('010012110101','01001211','01','01',6800,7480,9700,10670,false,'2021-05-01 00:00:00','default',null,null),
 ('010012110102','01001211','01','02',6800,7480,9700,10670,false,'2021-05-01 00:00:00','default',null,null),
 ('010012110103','01001211','01','03',6800,7480,9700,10670,false,'2021-05-01 00:00:00','default',null,null),
 ('010012110201','01001211','02','01',6800,7480,9700,10670,false,'2021-05-01 00:00:00','default',null,null),
 ('010012110202','01001211','02','02',6800,7480,9700,10670,false,'2021-05-01 00:00:00','default',null,null),
 ('010012110203','01001211','02','03',6800,7480,9700,10670,false,'2021-05-01 00:00:00','default',null,null),
 ('010012110301','01001211','03','01',6800,7480,9700,10670,false,'2021-05-01 00:00:00','default',null,null),
 ('010012110302','01001211','03','02',6800,7480,9700,10670,false,'2021-05-01 00:00:00','default',null,null),
 ('010012110303','01001211','03','03',6800,7480,9700,10670,false,'2021-05-01 00:00:00','default',null,null),
 ('010022110101','01002211','01','01',8700,9570,12500,13750,false,'2021-05-01 00:00:00','default',null,null),
 ('010022110102','01002211','01','02',8700,9570,12500,13750,false,'2021-05-01 00:00:00','default',null,null),
 ('010022110103','01002211','01','03',8700,9570,12500,13750,false,'2021-05-01 00:00:00','default',null,null),
 ('010022110201','01002211','02','01',8700,9570,12500,13750,false,'2021-05-01 00:00:00','default',null,null),
 ('010022110202','01002211','02','02',8700,9570,12500,13750,false,'2021-05-01 00:00:00','default',null,null),
 ('010022110203','01002211','02','03',8700,9570,12500,13750,false,'2021-05-01 00:00:00','default',null,null),
 ('010022110301','01002211','03','01',8700,9570,12500,13750,false,'2021-05-01 00:00:00','default',null,null),
 ('010022110302','01002211','03','02',8700,9570,12500,13750,false,'2021-05-01 00:00:00','default',null,null),
 ('010022110303','01002211','03','03',8700,9570,12500,13750,false,'2021-05-01 00:00:00','default',null,null),
 ('010032110101','01003211','01','01',7900,8690,12300,13530,false,'2021-05-01 00:00:00','default',null,null),
 ('010032110102','01003211','01','02',7900,8690,12300,13530,false,'2021-05-01 00:00:00','default',null,null),
 ('010032110103','01003211','01','03',7900,8690,12300,13530,false,'2021-05-01 00:00:00','default',null,null),
 ('010032110201','01003211','02','01',7900,8690,12300,13530,false,'2021-05-01 00:00:00','default',null,null),
 ('010032110202','01003211','02','02',7900,8690,12300,13530,false,'2021-05-01 00:00:00','default',null,null),
 ('010032110203','01003211','02','03',7900,8690,12300,13530,false,'2021-05-01 00:00:00','default',null,null),
 ('010032110301','01003211','03','01',7900,8690,12300,13530,false,'2021-05-01 00:00:00','default',null,null),
 ('010032110302','01003211','03','02',7900,8690,12300,13530,false,'2021-05-01 00:00:00','default',null,null),
 ('010032110303','01003211','03','03',7900,8690,12300,13530,false,'2021-05-01 00:00:00','default',null,null),
 ('010042110101','01004211','01','01',9800,10780,14000,15400,false,'2021-05-01 00:00:00','default',null,null),
 ('010042110102','01004211','01','02',9800,10780,14000,15400,false,'2021-05-01 00:00:00','default',null,null),
 ('010042110103','01004211','01','03',9800,10780,14000,15400,false,'2021-05-01 00:00:00','default',null,null),
 ('010042110201','01004211','02','01',9800,10780,14000,15400,false,'2021-05-01 00:00:00','default',null,null),
 ('010042110202','01004211','02','02',9800,10780,14000,15400,false,'2021-05-01 00:00:00','default',null,null),
 ('010042110203','01004211','02','03',9800,10780,14000,15400,false,'2021-05-01 00:00:00','default',null,null),
 ('010042110301','01004211','03','01',9800,10780,14000,15400,false,'2021-05-01 00:00:00','default',null,null),
 ('010042110302','01004211','03','02',9800,10780,14000,15400,false,'2021-05-01 00:00:00','default',null,null),
 ('010042110303','01004211','03','03',9800,10780,14000,15400,false,'2021-05-01 00:00:00','default',null,null),
 ('020112110101','02011211','01','01',32000,35200,45700,50270,false,'2021-05-01 00:00:00','default',null,null),
 ('020112110102','02011211','01','02',32000,35200,45700,50270,false,'2021-05-01 00:00:00','default',null,null),
 ('020112110103','02011211','01','03',32000,35200,45700,50270,false,'2021-05-01 00:00:00','default',null,null),
 ('020112111201','02011211','12','01',32000,35200,45700,50270,false,'2021-05-01 00:00:00','default',null,null),
 ('020112111202','02011211','12','02',32000,35200,45700,50270,false,'2021-05-01 00:00:00','default',null,null),
 ('020112111203','02011211','12','03',32000,35200,45700,50270,false,'2021-05-01 00:00:00','default',null,null),
 ('020112111301','02011211','13','01',32000,35200,45700,50270,false,'2021-05-01 00:00:00','default',null,null),
 ('020112111302','02011211','13','02',32000,35200,45700,50270,false,'2021-05-01 00:00:00','default',null,null),
 ('020112111303','02011211','13','03',32000,35200,45700,50270,false,'2021-05-01 00:00:00','default',null,null),
 ('020122110101','02012211','01','01',18000,19800,25800,28380,false,'2021-05-01 00:00:00','default',null,null),
 ('020122110102','02012211','01','02',18000,19800,25800,28380,false,'2021-05-01 00:00:00','default',null,null),
 ('020122110103','02012211','01','03',18000,19800,25800,28380,false,'2021-05-01 00:00:00','default',null,null),
 ('020122110301','02012211','03','01',18000,19800,25800,28380,false,'2021-05-01 00:00:00','default',null,null),
 ('020122110302','02012211','03','02',18000,19800,25800,28380,false,'2021-05-01 00:00:00','default',null,null),
 ('020122110303','02012211','03','03',18000,19800,25800,28380,false,'2021-05-01 00:00:00','default',null,null),
 ('020122111301','02012211','13','01',18000,19800,25800,28380,false,'2021-05-01 00:00:00','default',null,null),
 ('020122111302','02012211','13','02',18000,19800,25800,28380,false,'2021-05-01 00:00:00','default',null,null),
 ('020122111303','02012211','13','03',18000,19800,25800,28380,false,'2021-05-01 00:00:00','default',null,null),
 ('020132110201','02013211','02','01',21000,23100,30000,33000,false,'2021-05-01 00:00:00','default',null,null),
 ('020132110202','02013211','02','02',21000,23100,30000,33000,false,'2021-05-01 00:00:00','default',null,null),
 ('020132110203','02013211','02','03',21000,23100,30000,33000,false,'2021-05-01 00:00:00','default',null,null),
 ('020132110301','02013211','03','01',21000,23100,30000,33000,false,'2021-05-01 00:00:00','default',null,null),
 ('020132110302','02013211','03','02',21000,23100,30000,33000,false,'2021-05-01 00:00:00','default',null,null),
 ('020132110303','02013211','03','03',21000,23100,30000,33000,false,'2021-05-01 00:00:00','default',null,null),
 ('020132111401','02013211','14','01',21000,23100,30000,33000,false,'2021-05-01 00:00:00','default',null,null),
 ('020132111402','02013211','14','02',21000,23100,30000,33000,false,'2021-05-01 00:00:00','default',null,null),
 ('020132111403','02013211','14','03',21000,23100,30000,33000,false,'2021-05-01 00:00:00','default',null,null),
 ('030212110101','03021211','01','01',54000,59400,77200,84920,false,'2021-05-01 00:00:00','default',null,null),
 ('030212110102','03021211','01','02',54000,59400,77200,84920,false,'2021-05-01 00:00:00','default',null,null),
 ('030212110103','03021211','01','03',54000,59400,77200,84920,false,'2021-05-01 00:00:00','default',null,null),
 ('030212110201','03021211','02','01',54000,59400,77200,84920,false,'2021-05-01 00:00:00','default',null,null),
 ('030212110202','03021211','02','02',54000,59400,77200,84920,false,'2021-05-01 00:00:00','default',null,null),
 ('030212110203','03021211','02','03',54000,59400,77200,84920,false,'2021-05-01 00:00:00','default',null,null),
 ('030212111201','03021211','12','01',54000,59400,77200,84920,false,'2021-05-01 00:00:00','default',null,null),
 ('030212111202','03021211','12','02',54000,59400,77200,84920,false,'2021-05-01 00:00:00','default',null,null),
 ('030212111203','03021211','12','03',54000,59400,77200,84920,false,'2021-05-01 00:00:00','default',null,null),
 ('030222110101','03022211','01','01',38000,41800,54300,59730,false,'2021-05-01 00:00:00','default',null,null),
 ('030222110102','03022211','01','02',38000,41800,54300,59730,false,'2021-05-01 00:00:00','default',null,null),
 ('030222110103','03022211','01','03',38000,41800,54300,59730,false,'2021-05-01 00:00:00','default',null,null),
 ('030222110201','03022211','02','01',38000,41800,54300,59730,false,'2021-05-01 00:00:00','default',null,null),
 ('030222110202','03022211','02','02',38000,41800,54300,59730,false,'2021-05-01 00:00:00','default',null,null),
 ('030222110203','03022211','02','03',38000,41800,54300,59730,false,'2021-05-01 00:00:00','default',null,null),
 ('030222111201','03022211','12','01',38000,41800,54300,59730,false,'2021-05-01 00:00:00','default',null,null),
 ('030222111202','03022211','12','02',38000,41800,54300,59730,false,'2021-05-01 00:00:00','default',null,null),
 ('030222111203','03022211','12','03',38000,41800,54300,59730,false,'2021-05-01 00:00:00','default',null,null),
 ('030232110301','03023211','03','01',19800,21780,28300,31130,false,'2021-05-01 00:00:00','default',null,null),
 ('030232110302','03023211','03','02',19800,21780,28300,31130,false,'2021-05-01 00:00:00','default',null,null),
 ('030232110303','03023211','03','03',19800,21780,28300,31130,false,'2021-05-01 00:00:00','default',null,null),
 ('030232111001','03023211','10','01',19800,21780,28300,31130,false,'2021-05-01 00:00:00','default',null,null),
 ('030232111002','03023211','10','02',19800,21780,28300,31130,false,'2021-05-01 00:00:00','default',null,null),
 ('030232111003','03023211','10','03',19800,21780,28300,31130,false,'2021-05-01 00:00:00','default',null,null),
 ('030232111401','03023211','14','01',19800,21780,28300,31130,false,'2021-05-01 00:00:00','default',null,null),
 ('030232111402','03023211','14','02',19800,21780,28300,31130,false,'2021-05-01 00:00:00','default',null,null),
 ('030232111403','03023211','14','03',19800,21780,28300,31130,false,'2021-05-01 00:00:00','default',null,null);


INSERT INTO tbl_order ( order_no, order_subject, partner_id, order_date, delivery_date, delivery_zip, delivery_address, responsible_party, order_status, total_order_amount, total_order_amount_intax, note, is_delete, created_at, created_by, modify_at, modify_by ) VALUES
 (1,'受注１','00001','2021-05-01','2021-05-06','1030027','東京都中央区日本橋2-15-3 ヒューリック　江戸橋ビル3階',null,'01',50000,55000,null,false,'2021-05-01 00:00:00','default',null,null);

INSERT INTO tbl_order_detail ( order_no, line_no, product_code, quantity, selling_price, selling_price_intax, order_line_status, subtotal_selling_price, subtotal_selling_price_intax, is_delete, created_at, created_by, modify_at, modify_by ) VALUES
 (1,1,'010012110101',10,5000,5500,'01',50000,55000,false,'2021-05-01 00:00:00','default',null,null),
 (1,2,'020132110303',10,6000,6600,'01',60000,66000,false,'2021-05-01 00:00:00','default',null,null);
 
 